이름,나이,거주지
Hope,28,인천
홍길동,30,서울
아무개,25,강원
Hope,28,인천
홍길동,30,서울
아무개,25,강원
Hope,28,인천
홍길동,30,서울
아무개,25,강원
Hope,28,인천
홍길동,30,서울
아무개,25,강원
Hope,28,인천
홍길동,30,서울
아무개,25,강원
Hope,28,인천
홍길동,30,서울
아무개,25,강원
Hope,28,인천
홍길동,30,서울
아무개,25,강원
Hope,28,인천
홍길동,30,서울
아무개,25,강원
Hope,28,인천
홍길동,30,서울
아무개,25,강원
Hope,28,인천
홍길동,30,서울
아무개,25,강원
Hope,28,인천
홍길동,30,서울
아무개,25,강원
Hope,28,인천
홍길동,30,서울
아무개,25,강원
Hope,28,인천
홍길동,30,서울
아무개,25,강원
Hope,28,인천
홍길동,30,서울
아무개,25,강원
Hope,28,인천
홍길동,30,서울
아무개,25,강원
Hope,28,인천
홍길동,30,서울
아무개,25,강원
Hope,28,인천
홍길동,30,서울
아무개,25,강원
Hope,28,인천
홍길동,30,서울
아무개,25,강원
Hope,28,인천
홍길동,30,서울
아무개,25,강원
Hope,28,인천
홍길동,30,서울
아무개,25,강원
Hope,28,인천
홍길동,30,서울
아무개,25,강원
Hope,28,인천
홍길동,30,서울
아무개,25,강원
Hope,28,인천
홍길동,30,서울
아무개,25,강원
Hope,28,인천
홍길동,30,서울
아무개,25,강원
Hope,28,인천
홍길동,30,서울
아무개,25,강원
Hope,28,인천
홍길동,30,서울
아무개,25,강원
Hope,28,인천
홍길동,30,서울
아무개,25,강원
Hope,28,인천
홍길동,30,서울
아무개,25,강원
Hope,28,인천
홍길동,30,서울
아무개,25,강원
Hope,28,인천
홍길동,30,서울
아무개,25,강원
Hope,28,인천
홍길동,30,서울
아무개,25,강원
Hope,28,인천
홍길동,30,서울
아무개,25,강원
Hope,28,인천
홍길동,30,서울
아무개,25,강원
Hope,28,인천
,30,서울
,25,강원
,28,인천